{"cameraMode":{"drawMode":0,"name":"Shaded","section":"Shading Mode"},"sceneLighting":true,"audioPlay":false,"sceneViewState":{"m_AlwaysRefresh":false,"showFog":true,"showSkybox":true,"showFlares":true,"showImageEffects":true,"showParticleSystems":true,"showVisualEffectGraphs":true,"m_FxEnabled":true},"in2DMode":false,"pivot":{"x":1.2828220129013062,"y":-9.248017311096192,"z":-18.381946563720704},"rotation":{"x":0.009018918499350548,"y":0.9658496379852295,"z":-0.2567409574985504,"w":0.033930953592061999},"size":11.700544357299805,"orthographic":false}